AF,Afghanistan,Afghaanse,Afghaans
AL,Albanië,Albanese,Albanees
DZ,Algerije,Algerijnse,Algerijns
AK,Amerika,Amerikaanse,Amerikaans
AS,Amerikaans-Samoa,Amerikaans-Samoaanse,Amerikaans-Samoaans
VI,Amerikaanse Maagdeneilanden,Amerikaanse Maagdeneilandse,Amerikaans Maagdeneilands
AD,Andorra,Andorrese,Andorrees
AO,Angola,Angolese,Angolees
AI,Anguilla,Anguillaanse,Anguillaans
AQ,Antarctica,Antarctische,Antarctisch
AG,Antigua en Barbuda,Antiguaanse,Antiguaans
AR,Argentinië,Argentijnse,Argentijns
AM,Armenië,Armeense,Armeens
AW,Aruba,Arubaanse,Arubaans
AU,Australië,Australische,Australisch
AZ,Azerbeidzjan,Azerbeidzjaanse,Azerbeidzjaans
BS,Bahama's,Bahamaanse,Bahamaans
BH,Bahrein,Bahreinse,Bahreins
BD,Bangladesh,Bengaalse,Bengaals
BB,Barbados,Barbadaanse,Barbadaans
BE,België,Belgische,Belgisch
BZ,Belize,Belizaanse,Belizaans
BJ,Benin,Beninse,Benins
BM,Bermuda,Bermudaanse,Bermudaans
BT,Bhutan,Bhoetanese,Bhoetanees
BO,Bolivia,Boliviaanse,Boliviaans
BQ,Bonaire,Bonairiaanse,Bonairiaans
BA,Bosnië en Herzegovina,Bosnische,Bosnisch
BW,Botswana,Botswaanse,Botswaans
BV,Bouvet,Bouvet,Bouvet
BR,Brazilië,Braziliaanse,Braziliaans
IO,Brits Territorium in de Indische Oceaan,Brits Territorium in de Indische Oceaan,Brits Territorium in de Indische Oceaan
VG,Britse Maagdeneilanden,Britse Maagdeneilanden,Brits Maagdeneilands
BN,Brunei,Bruneise,Bruneis
BG,Bulgarije,Bulgaarse,Bulgaars
BF,Burkina Faso,Burkinese,Burkinees
BI,Burundi,Burundese,Burundees
KH,Cambodja,Cambodjaanse,Cambodjaans
CA,Canada,Canadese,Canadees
CF,Centraal-Afrikaanse Republiek,Centraal-Afrikaanse,Centraal-Afrikaans
CL,Chili,Chileense,Chileens
CN,China,Chinese,Chinees
CX,Christmaseiland,Christmaseilandse,Christmaseilands
CC,Cocoseilanden,Cocoseilandse,Cocoseilands
CO,Colombia,Colombiaanse,Colombiaans
KM,Comoren,Comorese,Comorees
CG,Congo-Brazzaville,Congolese (Brazzaville),Congolees (Brazzaville)
CD,Congo-Kinshasa,Congolese (Kinshasa),Congolees (Kinshasa)
CK,Cookeilanden,Cookeilanden,Cookeilaands
CR,Costa Rica,Costa Ricaanse,Costa Ricaans
CU,Cuba,Cubaanse,Cubaans
CW,Curaçao,Curaçaose ,Curaçaose 
CY,Cyprus,Cypriotische,Cypriotisch
DK,Denemarken,Deense,Deens
DJ,Djibouti,Djiboutiaanse,Djiboutiaans
DM,Dominica,Dominicaanse,Dominicaans
DO,Dominicaanse Republiek,Dominicaanse (Republiek),Dominicaans (Republiek)
DE,Duitsland,Duitse,Duits
EC,Ecuador,Ecuadoraanse,Ecuadoraans
EG,Egypte,Egyptische,Egyptisch
SV,El Salvador,Salvadoraanse,Salvadoraans
GB-ENG,Engeland,Engelse,Engels
GQ,Equatoriaal-Guinea,Equatoriaal-Guineese,Equatoriaal-Guinees
ER,Eritrea,Eritrese,Eritrees
EE,Estland,Estse,Ests
ET,Ethiopië,Ethiopische,Ethiopisch
FO,Faeröer,Faeröerse,Faeröers
FK,Falklandeilanden,Falklandse,Falklands
FJ,Fiji,Fijische,Fijisch
PH,Filipijnen,Filipijnse,Filipijns
FI,Finland,Finse,Fins
FR,Frankrijk,Franse,Frans
GF,Frans-Guyana,Frans-Guyanese,Frans-Guyanees
PF,Frans-Polynesië,Frans-Polynesische,Frans-Polynesisch
TF,Franse Zuidelijke en Antarctische Gebieden,Franse Zuidelijke en Antarctische Gebieden,Franse Zuidelijke en Antarctische Gebieden
GA,Gabon,Gabonees,Gaboons
GM,Gambia,Gambiaanse,Gambiaans
GE,Georgië,Georgische,Georgisch
GH,Ghana,Ghanese,Ghanees
GI,Gibraltar,Gibraltarische,Gibraltarees
GD,Grenada,Grenadiaanse,Grenadiaans
GR,Griekenland,Griekse,Grieks
GL,Groenland,Groenlandse,Groenlands
GBR,Groot-Brittannië,Britse,Brits
GP,Guadeloupe,Guadeloupse,Guadeloups
GU,Guam,Guamese,Guamees
GT,Guatemala,Guatemalteekse,Guatemalteeks
GG,Guernsey,Guernseese,Guernseys
GN,Guinee,Guinese,Guinees
GW,Guinee-Bissau,Guinee-Bissause,Guinee-Bissaus
GY,Guyana,Guyaanse,Guyaans
HT,Haïti,Haïtiaanse,Haïtiaans
HM,Heard en McDonaldeilanden,Heard en McDonaldeilanden,Heard en McDonaldeilands
HN,Honduras,Hondurese,Hondurees
HU,Hongarije,Hongaarse,Hongaars
HK,Hongkong,Hongkongse,Hongkongs
IE,Ierland,Ierse,Iers
IS,IJsland,IJslandse,IJslands
IN,India,Indiase,Indiaas
ID,Indonesië,Indonesische,Indonesisch
IQ,Irak,Iraakse,Iraaks
IR,Iran,Iraanse,Iraans
IM,Isle of Man,Manxe,Manx
IL,Israël,Israëlische,Israëlisch
IT,Italië,Italiaanse,Italiaans
CI,Ivoorkust,Ivoriaanse,Ivorian
JM,Jamaica,Jamaicaanse,Jamaicaans
JP,Japan,Japanse,Japans
YE,Jemen,Jemenitische,Jemenitisch
JE,Jersey,Jerseyse,Jersey
JO,Jordanië,Jordaanse,Jordaans
KY,Kaaimaneilanden,Kaaimaneilandse,Kaaimaneilands
CV,Kaapverdië,Kaapverdische,Kaapverdisch
CM,Kameroen,Kameroense,Kameroens
KZ,Kazachstan,Kazachse,Kazachs
KE,Kenia,Keniaanse,Keniaans
KG,Kirgizië,Kirgizische,Kirgizisch
KI,Kiribati,Kiribatische,Kiribatisch
UM,Kleine Pacifische eilanden van de Verenigde Staten,Kleine Pacifische eilanden van de Verenigde Staten,Kleine Pacifische eilanden van de Verenigde Staten
KU,Koerdistan,Koerdische,Koerdisch
KW,Koeweit,Koeweitse,Koeweits
XK,Kosovo,Kosovaarse,Kosovaars 
HR,Kroatië,Kroatische,Kroatisch
LA,Laos,Laotiaanse,Laotiaans
LS,Lesotho,Lesothaanse,Lesothaans
LV,Letland,Letse,Lets
LB,Libanon,Libanese,Libanees
LR,Liberia,Liberiaanse,Liberiaans
LY,Libië,Libische,Libisch
LI,Liechtenstein,Liechtensteinse,Liechtensteins
LT,Litouwen,Litouwse,Litouws
LU,Luxemburg,Luxemburgse,Luxemburgs
MO,Macau,Macause,Macaus
MK,Macedonië,Macedonische,Macedonisch
MG,Madagaskar,Malagassische,Malagassisch
MW,Malawi,Malawische,Malawisch
MV,Maldiven,Maldivische,Maldivisch
MY,Maleisië,Maleisische,Maleisisch
ML,Mali,Malinese,Malinees
MT,Malta,Maltese,Maltees
MA,Marokko,Marokkaanse,Marokkaans
MH,Marshalleilanden,Marshalleilandse,Marshalleilands
MQ,Martinique,Martinikaanse,Martinikaans
MR,Mauritanië,Mauritaanse,Mauritaans
MU,Mauritius,Mauritiaanse,Mauritiaans
YT,Mayotte,Mayotte,Mayottais
MX,Mexico,Mexicaanse,Mexicaans
FM,Micronesia,Micronesische,Micronesisch
MD,Moldavië,Moldavische,Moldavisch
ID-ML,Molukken,Molukse,Moluks
MC,Monaco,Monegaskische,Monegaskisch
MN,Mongolië,Mongoolse,Mongools
ME,Montenegro,Montenegrijnse,Montenegrijns
MS,Montserrat,Montserratse,Montserrat
MZ,Mozambique,Mozambikaanse,Mozambikaans
MM,Myanmar,Myanmarese,Myanmarees
NA,Namibië,Namibische,Namibisch
NR,Nauru,Nauruaanse,Nauruaans
NL,Nederland,Nederlandse,Nederlands
AN,Nederlandse Antillen,Antilliaanse,Antilliaans
NP,Nepal,Nepalese,Nepalees
NI,Nicaragua,Nicaraguaanse,Nicaraguaans
NC,Nieuw-Caledonië,Nieuw-Caledonische,Nieuw-Caledonisch
NZ,Nieuw-Zeeland,Nieuw-Zeelandse,Nieuw-Zeelands
NE,Niger,Nigerees,Nigerees
NG,Nigeria,Nigeriaanse,Nigeriaans
NU,Niue,Niueaanse,Niueaans
NY,Noord-Cyprus,Noord-Cypriotische,Noord-Cypriotisch
KP,Noord-Korea,Noord-Koreaanse,Noord-Koreaans
MP,Noordelijke Marianen,Noordelijke Marianen,Noordelijke Marianen
NO,Noorwegen,Noorse,Noors
NF,Norfolk,Norfolkeilandse,Norfolkeilands
UG,Oeganda,Oegandese,Oegandees
UA,Oekraïne,Oekraïense,Oekraïens
UZ,Oezbekistan,Oezbeekse,Oezbeeks
OM,Oman,Omaanse,Omaans
TL,Oost-Timor,Oost-Timorese,Oost-Timorees
AT,Oostenrijk,Oostenrijkse,Oostenrijks
PK,Pakistan,Pakistaanse,Pakistaans
PW,Palau,Palause,Palauaans
PS,Palestina,Palestijnse,Palestijns
PA,Panama,Panamese,Panamees
PG,Papoea-Nieuw-Guinea,Papoea-Nieuw-Guinese,Papoea-Nieuw-Guinees
PY,Paraguay,Paraguayaanse,Paraguayaans
PE,Peru,Peruaanse,Peruaans
PN,Pitcairneilanden,Pitcairnse,Pitcairnse
PL,Polen,Poolse,Pools
PT,Portugal,Portugese,Portugees
PR,Puerto Rico,Puerto Ricaanse,Puerto Ricaans
QA,Qatar,Qatarese,Qatarees
RO,Roemenië,Roemeense,Roemeens
RU,Rusland,Russische,Russisch
RW,Rwanda,Rwandese,Rwandees
RE,Réunion,Réunionese,Réunionnais
KN,Saint Kitts en Nevis,Saint Kitts en Nevis,Saint Kitts en Nevis
LC,Saint Lucia,Saint Lucianen,Saint Luciaans
VC,Saint Vincent en de Grenadines,Saint Vincent en de Grenadines,Saint Vincent en de Grenadines
BL,Saint-Barthélemy,Saint-Barthélemyse,Saint-Barthélemy
PM,Saint-Pierre en Miquelon,Saint-Pierre en Miquelon,Saint-Pierre en Miquelon
SB,Salomonseilanden,Salomonseilanden,Salomonseilands
WS,Samoa,Samoaanse,Samoaans
SM,San Marino,San Marinese,San Marinees
ST,Sao Tomé en Principe,Sao Tomé en Principe,Sao Tomé en Principe
SA,Saoedi-Arabië,Saoedi-Arabische,Saoedi-Arabisch
GB-SCT,Schotland,Schotse,Schots
SN,Senegal,Senegalese,Senegalees
RS,Servië,Servische,Servisch
SC,Seychellen,Seychelse,Seychels
SL,Sierra Leone,Sierra Leoonse,Sierra Leoons
SG,Singapore,Singaporese,Singaporees
SH,Sint-Helena,Sint-Heleense,Sint-Heleens
MF,Sint-Maarten,Sint-Maartense,Sint-Maartens
SI,Slovenië,Sloveense,Sloveens
SK,Slowakije,Slowaakse,Slowaaks
SD,Soedan,Soedanese,Soedanees
SO,Somalië,Somalische,Somalisch
ES,Spanje,Spaanse,Spaans
SJ,Spitsbergen en Jan Mayen,Spitsbergen en Jan Mayen,Spitsbergen en Jan Mayen
LK,Sri Lanka,Sri Lankaanse,Sri Lankaans
SR,Suriname,Surinaamse,Surinaams
SZ,Swaziland,Swazische,Swazisch
SY,Syrië,Syrische,Syrisch
TJ,Tadzjikistan,Tadzjiekse,Tadzjieks
TW,Taiwan,Taiwanese,Taiwanees
TZ,Tanzania,Tanzaniaanse,Tanzaniaans
TH,Thailand,Thaise,Thais
TG,Togo,Togolese,Togolees
TK,Tokelau-eilanden,Tokelau,Tokelau
TO,Tonga,Tongaans,Tongaans
TT,Trinidad en Tobago,Trinidadiaanse,Trinidadiaans
TD,Tsjaad,Tsjadische,Tsjadisch
CZ,Tsjechië,Tsjechische,Tsjechisch
TS,Tsjetsjenië ,Tsjetsjeense ,Tsjetsjeens
TN,Tunesië,Tunesische,Tunesisch
TR,Turkije,Turkse,Turks
TM,Turkmenistan,Turkmeense,Turkmeens
TC,Turks- en Caicoseilanden,Turks- en Caicoseilanden,Turks- en Caicoseilands
TV,Tuvalu,Tuvaluaanse,Tuvaluaans
UY,Uruguay,Uruguayaanse,Uruguayaans
VU,Vanuatu,Vanuatuaanse,Vanuatuaans
VA,Vaticaanstad,Vaticaanse,Vaticaans
VE,Venezuela,Venezolaanse,Venezolaans
GB,Verenigd Koninkrijk,Britse,Brits
AE,Verenigde Arabische Emiraten,Arabische,Arabisch
US,Verenigde Staten,Amerikaanse,Amerikaans
VN,Vietnam,Vietnamese,Vietnamees
GB-WLS,Wales,Welsh,Welsh
WF,Wallis en Futuna,Wallis en Futuna,Wallis en Futuna
EH,Westelijke Sahara,Westelijke Sahara,Westelijke Sahara
BY,Wit-Rusland,Wit-Russische,Wit-Russisch
ZM,Zambia,Zambiaanse,Zambiaans
ZW,Zimbabwe,Zimbabwaanse,Zimbabwaans
ZA,Zuid-Afrika,Zuid-Afrikaanse,Zuid-Afrikaans
GS,Zuid-Georgië en de Zuidelijke Sandwicheilanden,Zuid-Georgië en de Zuidelijke Sandwicheilanden,Zuid-Georgië en de Zuidelijke Sandwicheilanden
KR,Zuid-Korea,Zuid-Koreaanse,Zuid-Koreaans
SE,Zweden,Zweedse,Zweeds
CH,Zwitserland,Zwitserse,Zwitsers
